Name,Price,Color,Image,URL
2 Piece - Printed Suit - PE25-440,"Rs. 9,990.00",Bubble Pink,https://nishatlinen.com/cdn/shop/files/PE25-440-_3.jpg?v=1746395833&width=720,https://nishatlinen.com/products/pe25-440
2 Piece - Printed Suit - PE25-380,"Rs. 4,690.00",Black,https://nishatlinen.com/cdn/shop/files/PE25-380-_5.jpg?v=1746395499&width=720,https://nishatlinen.com/products/pe25-380
2 Piece - Printed Suit - PE25-382,"Rs. 4,690.00",Pink,https://nishatlinen.com/cdn/shop/files/PE25-382-_1.jpg?v=1746395488&width=720,https://nishatlinen.com/products/pe25-382
2 Piece - Printed Suit - PE25-423,"Rs. 4,990.00",Ivory,https://nishatlinen.com/cdn/shop/files/PE25-423-_6.jpg?v=1746395432&width=720,https://nishatlinen.com/products/pe25-423
2 Piece - Printed Suit - PE25-405,"Rs. 4,990.00",Green,https://nishatlinen.com/cdn/shop/files/PE25-405-_6.jpg?v=1746395454&width=720,https://nishatlinen.com/products/pe25-405
2 Piece - Printed Suit - PE25-461,"Rs. 4,490.00",Red,https://nishatlinen.com/cdn/shop/files/PE25-461-_4.jpg?v=1746395729&width=720,https://nishatlinen.com/products/pe25-461
2 Piece - Printed Suit - PE25-484,"Rs. 4,690.00",Orange,https://nishatlinen.com/cdn/shop/files/PE25-484-_1.jpg?v=1746395399&width=720,https://nishatlinen.com/products/pe25-484
2 Piece - Printed Suit - PE25-403,"Rs. 4,690.00",Multi,https://nishatlinen.com/cdn/shop/files/PE25-403-_5.jpg?v=1746395467&width=720,https://nishatlinen.com/products/pe25-403
Printed Jacket - PE25-268,"Rs. 2,990.00",Black,https://nishatlinen.com/cdn/shop/files/PE25-268-_3.jpg?v=1746422068&width=720,https://nishatlinen.com/products/pe25-268
Printed Tunic - PE25-219,"Rs. 3,990.00",Pink,https://nishatlinen.com/cdn/shop/files/PE25-219-_3.jpg?v=1746422164&width=720,https://nishatlinen.com/products/pe25-219
Printed Tunic - PE25-233,"Rs. 2,990.00",Blue,https://nishatlinen.com/cdn/shop/files/PE25-233-_3.jpg?v=1746422157&width=720,https://nishatlinen.com/products/pe25-233
Printed Tunic - PE25-238,"Rs. 3,490.00",Multi,https://nishatlinen.com/cdn/shop/files/PE25-238-_1.jpg?v=1746422079&width=720,https://nishatlinen.com/products/pe25-238
Printed Tunic - PE25-289,"Rs. 3,490.00",Black,https://nishatlinen.com/cdn/shop/files/PE25-289-_3.jpg?v=1746422048&width=720,https://nishatlinen.com/products/pe25-289
Printed Tunic - PE25-192,"Rs. 2,990.00",Maroon,https://nishatlinen.com/cdn/shop/files/PE25-192-_4.jpg?v=1746422125&width=720,https://nishatlinen.com/products/pe25-192
Printed Shirt - FE25-20,"Rs. 12,990.00",Beige,https://nishatlinen.com/cdn/shop/files/FE25-20-_5.jpg?v=1742367380&width=720,https://nishatlinen.com/products/fe25-20
2 Piece - Printed Suit - FE25-90,"Rs. 14,990.00",Dark Green,https://nishatlinen.com/cdn/shop/files/FE25-90-_4.jpg?v=1743224983&width=720,https://nishatlinen.com/products/fe25-90
2 Piece - Printed Suit - AS25-25,"Rs. 7,490.00",Skin,https://nishatlinen.com/cdn/shop/files/AS25-25-_4.jpg?v=1741156198&width=720,https://nishatlinen.com/products/as25-25
2 Piece - Printed Suit - FE25-32,"Rs. 9,990.00",Beige,https://nishatlinen.com/cdn/shop/files/FE25-32-_7.jpg?v=1740129381&width=720,https://nishatlinen.com/products/fe25-32
Printed Tunic - PE25-04,"Rs. 2,990.00",Multi,https://nishatlinen.com/cdn/shop/files/PE25-04-_4.jpg?v=1739517224&width=720,https://nishatlinen.com/products/pe25-04
Printed Tunic - AS25-08,"Rs. 4,490.00",Blue,https://nishatlinen.com/cdn/shop/files/AS25-08-_1.jpg?v=1737106324&width=720,https://nishatlinen.com/products/as25-08
2 Piece - Embroidered Suit - AS25-40,"Rs. 6,490.00",Beige,https://nishatlinen.com/cdn/shop/files/AS25-40-_3.jpg?v=1737185573&width=720,https://nishatlinen.com/products/as25-40
Printed Tunic - PE25-08,"Rs. 3,990.00",Indigo,https://nishatlinen.com/cdn/shop/files/PE25-08-_7.jpg?v=1739517229&width=720,https://nishatlinen.com/products/pe25-08
Printed Tunic - PE25-11,"Rs. 2,990.00",Off White,https://nishatlinen.com/cdn/shop/files/PE25-11-_5.jpg?v=1739517256&width=720,https://nishatlinen.com/products/pe25-11
Printed Dress - AS25-05,"Rs. 3,990.00",Yellow,https://nishatlinen.com/cdn/shop/files/AS25-05-_3.jpg?v=1737100419&width=720,https://nishatlinen.com/products/as25-05
2 Piece - Printed Suit - PS25-76,"Rs. 7,990.00",Powder Pink,https://nishatlinen.com/cdn/shop/files/PS25-76-_1_4b50eec3-f588-4cd7-b12f-0f7e617f7428.jpg?v=1737787192&width=720,https://nishatlinen.com/products/ps25-76
2 Piece - Printed Suit - PS25-19,"Rs. 4,990.00",Sky Blue,https://nishatlinen.com/cdn/shop/files/PS25-19-_6.jpg?v=1737718338&width=720,https://nishatlinen.com/products/ps25-19
2 Piece - Printed Suit - PS25-15,"Rs. 4,990.00",Orange,https://nishatlinen.com/cdn/shop/files/PS25-15-_1.jpg?v=1737718271&width=720,https://nishatlinen.com/products/ps25-15
Printed Shirt - PS25-25,"Rs. 6,490.00",Blue,https://nishatlinen.com/cdn/shop/files/PS25-25-_5_1e8ed120-35ee-4cc6-835c-bff8d88cfbc9.jpg?v=1737789372&width=720,https://nishatlinen.com/products/ps25-25
3 Piece - Printed Suit - PE25-127,"Rs. 9,990.00",Peach,https://nishatlinen.com/cdn/shop/files/PE25-127-_4.jpg?v=1739508967&width=720,https://nishatlinen.com/products/pe25-127
Printed Shirt - PS25-03,"Rs. 5,490.00",Red,https://nishatlinen.com/cdn/shop/files/PS25-03-_6_0d8408c5-663c-4979-9142-e69137c5cdb3.jpg?v=1737789132&width=720,https://nishatlinen.com/products/ps25-03
2 Piece - Printed Suit - PE25-410,"Rs. 4,490.00",Pink,https://nishatlinen.com/cdn/shop/files/PE25-410-_4.jpg?v=1740127180&width=720,https://nishatlinen.com/products/pe25-410
Printed Dress - AS25-20,"Rs. 4,490.00",Navy,https://nishatlinen.com/cdn/shop/files/AS25-20-_7.jpg?v=1740038019&width=720,https://nishatlinen.com/products/as25-20
2 Piece - Printed Suit - PE25-415,"Rs. 5,290.00",Peach,https://nishatlinen.com/cdn/shop/files/PE25-415-_1.jpg?v=1740030591&width=720,https://nishatlinen.com/products/pe25-415
2 Piece - Printed Suit - PE25-133,"Rs. 8,490.00",CONTRAST summer collection,https://nishatlinen.com/cdn/shop/files/PE25-133-_5.jpg?v=1740035728&width=720,https://nishatlinen.com/products/pe25-133
2 Piece - Printed Suit - AS25-63,"Rs. 5,490.00",Beige,https://nishatlinen.com/cdn/shop/files/AS25-63-_4.jpg?v=1740028326&width=720,https://nishatlinen.com/products/as25-63
2 Piece - Printed Suit - PE25-294,"Rs. 9,490.00",Black,https://nishatlinen.com/cdn/shop/files/PE25-294-_6.jpg?v=1740030816&width=720,https://nishatlinen.com/products/pe25-294
